seq_id,gen_time,avg_latency,self_ppl,posthoc_ppl,memory_mb,steps,mask_ratio
0,0.4064030647277832,0.009618890285491944,4.542335862679482,2520492800.0,456.6083984375,40,0.15
1,0.40770840644836426,0.009652191400527954,4.622263935128744,3799183616.0,456.6083984375,40,0.15
2,0.4082763195037842,0.009665149450302123,4.78773687074963,1199204608.0,456.6083984375,40,0.15
3,0.4076361656188965,0.009651643037796021,4.657906863904678,1668335360.0,456.6083984375,40,0.15
4,0.4082167148590088,0.009658986330032348,4.720229627758609,3216039680.0,456.6083984375,40,0.15
5,0.40769314765930176,0.009652262926101685,4.979759326728968,2684862976.0,456.6083984375,40,0.15
6,0.40756916999816895,0.009650051593780518,4.582414155105874,4250511872.0,456.6083984375,40,0.15
7,0.40876269340515137,0.009678000211715698,4.903529270662576,2717102080.0,456.6083984375,40,0.15
8,0.4080812931060791,0.00966261625289917,4.861318478989585,2860039424.0,456.6083984375,40,0.15
9,0.40781188011169434,0.009653240442276001,4.6244231037765005,2648637952.0,456.6083984375,40,0.15
10,0.4081122875213623,0.00966118574142456,4.7212498472050966,3495795456.0,456.6083984375,40,0.15
11,0.4086318016052246,0.009671461582183839,4.50801787950837,2201929728.0,456.6083984375,40,0.15
12,0.40787553787231445,0.009656238555908202,4.687240505546354,1695545344.0,456.6083984375,40,0.15
13,0.40803050994873047,0.009660547971725464,4.729893207211017,1888842496.0,456.6083984375,40,0.15
14,0.4085724353790283,0.009673762321472167,4.77809099068557,2459627520.0,456.6083984375,40,0.15
15,0.40770578384399414,0.009653997421264649,4.705760778735797,1477499392.0,456.6083984375,40,0.15
16,0.4077925682067871,0.009653991460800171,4.665969322003636,3452532224.0,456.6083984375,40,0.15
17,0.40767788887023926,0.009650146961212159,4.70134361160706,2441669120.0,456.6083984375,40,0.15
18,0.4078094959259033,0.009652936458587646,4.783117543408523,1647540608.0,456.6083984375,40,0.15
19,0.40814208984375,0.009663039445877075,4.830350327390105,1827554176.0,456.6083984375,40,0.15
20,0.4078044891357422,0.009654748439788818,4.591975311728837,1518231424.0,456.6083984375,40,0.15
21,0.4083082675933838,0.009667003154754638,4.613249703882381,1575759616.0,456.6083984375,40,0.15
22,0.4077308177947998,0.009652841091156005,4.587602501592998,2421411328.0,456.6083984375,40,0.15
23,0.40798139572143555,0.009658128023147583,4.54071379125429,828021504.0,456.6083984375,40,0.15
24,0.40752124786376953,0.009647458791732788,4.639256193240849,3459281920.0,456.6083984375,40,0.15
25,0.40787744522094727,0.009653067588806153,4.492518600941551,1678670720.0,456.6083984375,40,0.15
26,0.4071042537689209,0.009635508060455322,4.661659141571063,2298868992.0,456.6083984375,40,0.15
27,0.4069502353668213,0.009633249044418335,4.503910623172451,2340171520.0,456.6083984375,40,0.15
28,0.40819764137268066,0.009662330150604248,4.728450707929541,2904031488.0,456.6083984375,40,0.15
29,0.40752363204956055,0.009648281335830688,4.685817032370883,1898841088.0,456.6083984375,40,0.15
30,0.4078400135040283,0.00965433120727539,4.579916078923577,1044316288.0,456.6083984375,40,0.15
31,0.4074881076812744,0.009647446870803832,4.833644013908053,2959744256.0,456.6083984375,40,0.15
32,0.4180476665496826,0.009877234697341919,4.550408963439322,3225241856.0,456.6083984375,40,0.15
33,0.40813660621643066,0.009664946794509887,4.500046432166134,1607694080.0,456.6083984375,40,0.15
34,0.40808606147766113,0.009662818908691407,4.616449672349172,2870324480.0,456.6083984375,40,0.15
35,0.4081416130065918,0.009660452604293823,4.690456506091609,3117330432.0,456.6083984375,40,0.15
36,0.40751099586486816,0.0096463143825531,4.68097772958474,2928354816.0,456.6083984375,40,0.15
37,0.4079887866973877,0.009657764434814453,4.801225122788189,2235658240.0,456.6083984375,40,0.15
38,0.4077568054199219,0.009652209281921387,4.952322427835427,1342530816.0,456.6083984375,40,0.15
39,0.40772223472595215,0.009654021263122559,4.615049004878187,2087060608.0,456.6083984375,40,0.15
40,0.4079596996307373,0.009658819437026978,4.490900610765893,1589770240.0,456.6083984375,40,0.15
41,0.4077754020690918,0.009654563665390015,4.6366533753918,2797967360.0,456.6083984375,40,0.15
42,0.40776777267456055,0.009653306007385254,4.636543667957415,3675411712.0,456.6083984375,40,0.15
43,0.4071671962738037,0.009640806913375854,4.640991015659013,1685716736.0,456.6083984375,40,0.15
44,0.40774035453796387,0.009652441740036011,4.978858118093056,1338419456.0,456.6083984375,40,0.15
45,0.40756988525390625,0.009649908542633057,4.763569872815785,2069097600.0,456.6083984375,40,0.15
46,0.4071359634399414,0.009636729955673218,4.545284242893256,2650057984.0,456.6083984375,40,0.15
47,0.40789318084716797,0.009653806686401367,4.352973511639167,1608114176.0,456.6083984375,40,0.15
48,0.407637357711792,0.009649038314819336,4.702358619328365,2488658688.0,456.6083984375,40,0.15
49,0.40783119201660156,0.009655749797821045,4.691291013029138,1632117888.0,456.6083984375,40,0.15
50,0.4077484607696533,0.009652805328369141,4.326119924157947,2541056000.0,456.6083984375,40,0.15
51,0.4073753356933594,0.009642452001571655,4.4775150243929485,2350760704.0,456.6083984375,40,0.15
52,0.4076051712036133,0.009648531675338745,4.423903722437422,2586710016.0,456.6083984375,40,0.15
53,0.40847063064575195,0.009666842222213746,4.8356502088357045,1610364032.0,456.6083984375,40,0.15
54,0.40726447105407715,0.009641820192337036,4.514614327624321,2640496896.0,456.6083984375,40,0.15
55,0.408052921295166,0.009661275148391723,4.6475977065489005,1896452224.0,456.6083984375,40,0.15
56,0.4077935218811035,0.009654313325881958,4.770121508626552,2551970048.0,456.6083984375,40,0.15
57,0.4080016613006592,0.009655112028121948,4.656556153912598,1142280704.0,456.6083984375,40,0.15
58,0.40785861015319824,0.009655588865280151,4.593479901576407,1696308864.0,456.6083984375,40,0.15
59,0.40831756591796875,0.009665858745574952,4.605406055541992,2943760640.0,456.6083984375,40,0.15
60,0.40790224075317383,0.009657669067382812,4.6439422713215786,1316651776.0,456.6083984375,40,0.15
61,0.4080824851989746,0.00966041088104248,4.616811174697432,2068336128.0,456.6083984375,40,0.15
62,0.4098048210144043,0.009699851274490356,4.522960212319925,2082686464.0,456.6083984375,40,0.15
63,0.40774059295654297,0.009652328491210938,4.660601444900476,2080296448.0,456.6083984375,40,0.15
64,0.4073758125305176,0.009644502401351928,4.814378379871482,3313959680.0,456.6083984375,40,0.15
65,0.4080488681793213,0.009658145904541015,4.804573311741771,2776468992.0,456.6083984375,40,0.15
66,0.40796494483947754,0.009657073020935058,4.755036614950002,1804065792.0,456.6083984375,40,0.15
67,0.40767955780029297,0.00965011715888977,4.619454293339451,1057519616.0,456.6083984375,40,0.15
68,0.40758228302001953,0.009646320343017578,4.841703870905111,3866350080.0,456.6083984375,40,0.15
69,0.40768933296203613,0.009651821851730347,4.661818342992433,948068288.0,456.6083984375,40,0.15
70,0.4075596332550049,0.009648895263671875,4.675685534711097,2518244096.0,456.6083984375,40,0.15
71,0.40792107582092285,0.009655719995498658,4.609481966372422,1628650496.0,456.6083984375,40,0.15
72,0.40815234184265137,0.009663146734237672,4.40011795171636,1411354496.0,456.6083984375,40,0.15
73,0.40795254707336426,0.00965748429298401,4.764438119390072,1684868096.0,456.6083984375,40,0.15
74,0.4082529544830322,0.009665000438690185,4.845830481065284,3090517760.0,456.6083984375,40,0.15
75,0.40777015686035156,0.009653615951538085,4.6734665853644755,2516429056.0,456.6083984375,40,0.15
76,0.4080777168273926,0.009661346673965454,4.4823072079344595,2894293760.0,456.6083984375,40,0.15
77,0.40850281715393066,0.009670120477676392,4.733411428625118,3262189568.0,456.6083984375,40,0.15
78,0.40811944007873535,0.00966077446937561,4.660053317846597,2425312512.0,456.6083984375,40,0.15
79,0.4078505039215088,0.009654521942138672,4.602443750678631,1952998144.0,456.6083984375,40,0.15
80,0.40793490409851074,0.009654301404953002,4.5695168991007735,1223409664.0,456.6083984375,40,0.15
81,0.4080536365509033,0.009660309553146363,4.41565549313333,1032913856.0,456.6083984375,40,0.15
82,0.4081757068634033,0.009663724899291992,4.758260313391799,1827993344.0,456.6083984375,40,0.15
83,0.4079737663269043,0.009659379720687866,4.514680672110457,2770591744.0,456.6083984375,40,0.15
84,0.4078483581542969,0.009655904769897462,4.6688747520966665,2432975872.0,456.6083984375,40,0.15
85,0.40812134742736816,0.009659337997436523,4.560352792728723,1621175168.0,456.6083984375,40,0.15
86,0.40804290771484375,0.00965956449508667,4.512822522754034,1562522240.0,456.6083984375,40,0.15
87,0.41530752182006836,0.009819048643112182,4.772303279061435,1841694720.0,456.6083984375,40,0.15
88,0.40764474868774414,0.009650313854217529,4.88634621839904,2563199488.0,456.6083984375,40,0.15
89,0.4082000255584717,0.00966607928276062,4.648818354709225,3421028096.0,456.6083984375,40,0.15
90,0.4079453945159912,0.009659874439239501,4.681946380901489,2318760704.0,456.6083984375,40,0.15
91,0.40715456008911133,0.009638571739196777,4.770161545127375,1560258816.0,456.6083984375,40,0.15
92,0.4075324535369873,0.009646552801132201,4.618520296044288,2509689856.0,456.6083984375,40,0.15
93,0.40778017044067383,0.009653621912002563,4.358614251156249,1584203648.0,456.6083984375,40,0.15
94,0.4078388214111328,0.00965578556060791,4.740379451069943,2512132096.0,456.6083984375,40,0.15
95,0.40782880783081055,0.009654533863067628,4.577132655952231,3234636800.0,456.6083984375,40,0.15
96,0.40726351737976074,0.00964224934577942,4.737366050435519,2150257664.0,456.6083984375,40,0.15
97,0.40773749351501465,0.009652835130691529,4.75604166365835,2067511808.0,456.6083984375,40,0.15
98,0.40745115280151367,0.009647715091705322,4.56454912064425,2462895104.0,456.6083984375,40,0.15
99,0.40738463401794434,0.00964640974998474,4.3413220812362985,1000523520.0,456.6083984375,40,0.15
100,0.40705323219299316,0.009635990858078003,4.70181253120302,2756596736.0,456.6083984375,40,0.15
101,0.4072756767272949,0.009642893075942993,4.576606882653194,2090195712.0,456.6083984375,40,0.15
102,0.40847158432006836,0.00966997742652893,4.56509996732107,1761720192.0,456.6083984375,40,0.15
103,0.40749406814575195,0.009648603200912476,4.408283336130941,1381348096.0,456.6083984375,40,0.15
104,0.40767550468444824,0.009652698040008545,4.3860430091356175,1865921920.0,456.6083984375,40,0.15
105,0.40735936164855957,0.009647023677825928,4.563843912522985,2499734016.0,456.6083984375,40,0.15
106,0.40791773796081543,0.0096588134765625,4.645597462744267,2002304000.0,456.6083984375,40,0.15
107,0.4079606533050537,0.009660351276397704,4.785904143690749,2162130688.0,456.6083984375,40,0.15
108,0.4080219268798828,0.009661620855331421,4.774545075234198,2302629888.0,456.6083984375,40,0.15
109,0.4084129333496094,0.009669488668441773,4.557064490459798,1591863936.0,456.6083984375,40,0.15
110,0.4072585105895996,0.009641486406326293,4.523306698160867,2250486784.0,456.6083984375,40,0.15
111,0.4080064296722412,0.00966174602508545,4.397415571157625,2798191616.0,456.6083984375,40,0.15
112,0.4078552722930908,0.009656554460525513,4.853678598090538,3493176320.0,456.6083984375,40,0.15
113,0.4077005386352539,0.009651952981948852,4.470295900700893,2285852928.0,456.6083984375,40,0.15
114,0.4080953598022461,0.009659439325332642,4.751857198181479,1311641088.0,456.6083984375,40,0.15
115,0.40818095207214355,0.009661811590194701,4.614340594117203,2109355648.0,456.6083984375,40,0.15
116,0.4078643321990967,0.009658223390579224,4.406140520399887,1229956224.0,456.6083984375,40,0.15
117,0.40903449058532715,0.009688812494277953,4.634258079269991,2751323136.0,456.6083984375,40,0.15
118,0.407212495803833,0.009641897678375245,4.7025123319452025,2513081088.0,456.6083984375,40,0.15
119,0.4075815677642822,0.009650421142578126,4.568188979762285,2141502720.0,456.6083984375,40,0.15
120,0.40865039825439453,0.009669828414916991,4.68910228754147,3353298688.0,456.6083984375,40,0.15
121,0.4078507423400879,0.009656560420989991,4.714651885083969,1583699072.0,456.6083984375,40,0.15
122,0.40758180618286133,0.009648650884628296,4.954808978809307,1853722752.0,456.6083984375,40,0.15
123,0.40779709815979004,0.009652358293533326,4.352678006250489,1449906304.0,456.6083984375,40,0.15
124,0.40837836265563965,0.009664618968963623,4.641411282884075,1880022144.0,456.6083984375,40,0.15
125,0.40816807746887207,0.00965774655342102,4.599394982215072,1592544128.0,456.6083984375,40,0.15
126,0.40886497497558594,0.009674698114395142,4.548422976969359,1040526720.0,456.6083984375,40,0.15
127,0.4088304042816162,0.009675723314285279,4.539935630562769,1747166976.0,456.6083984375,40,0.15
128,0.4086024761199951,0.009673458337783814,4.720739266485714,1110083968.0,456.6083984375,40,0.15
129,0.40744829177856445,0.009645116329193116,4.789492420883264,1319394432.0,456.6083984375,40,0.15
130,0.40875911712646484,0.009674131870269775,4.716328289755303,1626362752.0,456.6083984375,40,0.15
131,0.4091222286224365,0.009679126739501952,4.521786942626678,2950444032.0,456.6083984375,40,0.15
132,0.40761423110961914,0.009648233652114868,4.801322230593968,2305961216.0,456.6083984375,40,0.15
133,0.40811896324157715,0.009657841920852662,4.827720770583031,3323213824.0,456.6083984375,40,0.15
134,0.40751171112060547,0.009644871950149536,4.638389155381766,2062580480.0,456.6083984375,40,0.15
135,0.4077169895172119,0.009653770923614502,4.576525561062947,1198383744.0,456.6083984375,40,0.15
136,0.408017635345459,0.009658527374267579,4.645073586170184,1770096896.0,456.6083984375,40,0.15
137,0.40783119201660156,0.009654301404953002,4.762971316570977,1596497792.0,456.6083984375,40,0.15
138,0.40705418586730957,0.009635764360427856,4.632425018039974,2054613632.0,456.6083984375,40,0.15
139,0.4076364040374756,0.00965263843536377,4.7732796015805645,2675793664.0,456.6083984375,40,0.15
140,0.4078094959259033,0.009654438495635987,4.613547336867738,1466152448.0,456.6083984375,40,0.15
141,0.407717227935791,0.009655249118804932,4.695892217546672,2784551424.0,456.6083984375,40,0.15
142,0.41698718070983887,0.009854888916015625,4.526018229456513,1684154880.0,456.6083984375,40,0.15
143,0.4079103469848633,0.009657710790634155,4.667354985128037,1925766016.0,456.6083984375,40,0.15
144,0.4078805446624756,0.009655797481536865,4.828849635361062,1693619072.0,456.6083984375,40,0.15
145,0.40834808349609375,0.009666043519973754,4.5985628025665015,2608460032.0,456.6083984375,40,0.15
146,0.40794849395751953,0.009659355878829956,4.620531158963574,1922015744.0,456.6083984375,40,0.15
147,0.40833234786987305,0.009669291973114013,4.748095890453967,1723297920.0,456.6083984375,40,0.15
148,0.4079453945159912,0.00966116189956665,4.392263890673998,3486426624.0,456.6083984375,40,0.15
149,0.407257080078125,0.009642791748046876,4.880739967475484,1915180032.0,456.6083984375,40,0.15
150,0.40784358978271484,0.00965653657913208,4.772665671134774,2434201344.0,456.6083984375,40,0.15
151,0.40808701515197754,0.009659790992736816,4.433708499306018,1189123712.0,456.6083984375,40,0.15
152,0.40769505500793457,0.009652262926101685,4.455779652558775,1562015616.0,456.6083984375,40,0.15
153,0.4081563949584961,0.009665340185165405,4.867684973914706,3466725888.0,456.6083984375,40,0.15
154,0.40789151191711426,0.009657335281372071,4.648989836136284,1227200512.0,456.6083984375,40,0.15
155,0.407912015914917,0.00965508222579956,4.534830519274084,2630664192.0,456.6083984375,40,0.15
156,0.4079554080963135,0.009660273790359497,4.774891814101035,2352200448.0,456.6083984375,40,0.15
157,0.4083881378173828,0.009670424461364745,4.623735569907986,2864390400.0,456.6083984375,40,0.15
158,0.4078483581542969,0.009658175706863403,4.5999472001281125,3910761728.0,456.6083984375,40,0.15
159,0.4078543186187744,0.009658068418502808,4.634329783618754,1427582720.0,456.6083984375,40,0.15
160,0.4077451229095459,0.00965585708618164,4.672575074578943,1886710912.0,456.6083984375,40,0.15
161,0.4077415466308594,0.009655684232711792,4.586395087389584,2392676096.0,456.6083984375,40,0.15
162,0.40741801261901855,0.009646940231323241,4.5373529689661405,2507340544.0,456.6083984375,40,0.15
163,0.40798330307006836,0.00966079831123352,4.679222253750984,1117276544.0,456.6083984375,40,0.15
164,0.40770649909973145,0.009654033184051513,4.5646618314222716,2073526400.0,456.6083984375,40,0.15
165,0.4080233573913574,0.00965944528579712,4.499772906724302,1904114432.0,456.6083984375,40,0.15
166,0.40706658363342285,0.009637659788131714,4.795818126702416,1933476608.0,456.6083984375,40,0.15
167,0.4073014259338379,0.009643441438674927,4.823057423757803,1062203456.0,456.6083984375,40,0.15
168,0.4076111316680908,0.009651410579681396,4.769553237139491,2267886592.0,456.6083984375,40,0.15
169,0.40842318534851074,0.009669893980026245,4.749105772300051,800170752.0,456.6083984375,40,0.15
170,0.4075899124145508,0.009652137756347656,4.7930937570584815,1615831424.0,456.6083984375,40,0.15
171,0.40801095962524414,0.009660744667053222,4.56862400627126,1381058304.0,456.6083984375,40,0.15
172,0.40842556953430176,0.009666872024536134,4.666561695964221,2650588672.0,456.6083984375,40,0.15
173,0.40727734565734863,0.009642767906188964,4.794748125913832,3505323264.0,456.6083984375,40,0.15
174,0.4070131778717041,0.00963713526725769,4.651432565772965,3510910464.0,456.6083984375,40,0.15
175,0.4079098701477051,0.009653401374816895,4.726272204642386,2194198784.0,456.6083984375,40,0.15
176,0.40764808654785156,0.009651243686676025,4.507274624058163,3040990720.0,456.6083984375,40,0.15
177,0.4073655605316162,0.00964640974998474,4.340851226882018,1235085824.0,456.6083984375,40,0.15
178,0.40721869468688965,0.00964195728302002,4.6590383361350165,1525139072.0,456.6083984375,40,0.15
179,0.40740227699279785,0.009646743535995483,4.6582817975250705,1571602432.0,456.6083984375,40,0.15
180,0.4072449207305908,0.009640717506408691,4.707117617398723,1936783616.0,456.6083984375,40,0.15
181,0.4074981212615967,0.009646588563919067,4.477984210494216,1457689728.0,456.6083984375,40,0.15
182,0.4071328639984131,0.009638845920562744,4.5022288228988065,1602841088.0,456.6083984375,40,0.15
183,0.40692663192749023,0.009634113311767578,4.732017509912308,1942129152.0,456.6083984375,40,0.15
184,0.40718960762023926,0.00963890552520752,4.803745380341904,2128687104.0,456.6083984375,40,0.15
185,0.40782928466796875,0.009655588865280151,4.673364184824352,2556354560.0,456.6083984375,40,0.15
186,0.40717124938964844,0.009639406204223632,4.560894525359013,3312607488.0,456.6083984375,40,0.15
187,0.4073660373687744,0.009644335508346558,4.495650843618156,1867064832.0,456.6083984375,40,0.15
188,0.4071063995361328,0.009635168313980102,4.410322084297315,3085617408.0,456.6083984375,40,0.15
189,0.40724778175354004,0.009640049934387208,4.6240965710499475,1842942080.0,456.6083984375,40,0.15
190,0.4075160026550293,0.009645825624465943,4.569825270325729,747360576.0,456.6083984375,40,0.15
191,0.4080791473388672,0.009657466411590576,4.555896097425302,2306792704.0,456.6083984375,40,0.15
192,0.4074420928955078,0.009644293785095214,4.755692958219367,1916948864.0,456.6083984375,40,0.15
193,0.40803050994873047,0.009659719467163087,4.778591888797054,3744865792.0,456.6083984375,40,0.15
194,0.40674805641174316,0.009628069400787354,4.560794163072889,1680477568.0,456.6083984375,40,0.15
195,0.4077737331390381,0.009655708074569702,4.531184593131952,1255277568.0,456.6083984375,40,0.15
196,0.4179267883300781,0.009884011745452882,4.628956308693667,1164525824.0,456.6083984375,40,0.15
197,0.4083378314971924,0.009670227766036987,4.549491757406416,2698849024.0,456.6083984375,40,0.15
198,0.4087257385253906,0.009679323434829712,4.707163634868579,3280064768.0,456.6083984375,40,0.15
199,0.40810608863830566,0.009665924310684203,4.300870605618499,1687209344.0,456.6083984375,40,0.15
200,0.408794641494751,0.009676986932754516,4.46791487972508,2633716736.0,456.6083984375,40,0.15
201,0.40792417526245117,0.009657537937164307,4.758018574708466,1770096896.0,456.6083984375,40,0.15
202,0.4082026481628418,0.009666776657104493,4.613338385994644,4946467328.0,456.6083984375,40,0.15
203,0.4084601402282715,0.009671980142593383,4.637895565470989,1738849024.0,456.6083984375,40,0.15
204,0.4082968235015869,0.009669452905654907,4.809047764571683,1750098560.0,456.6083984375,40,0.15
205,0.408463716506958,0.009672445058822633,4.6440438340245,2146807040.0,456.6083984375,40,0.15
206,0.4080324172973633,0.009659606218338012,4.446069714316977,2228522752.0,456.6083984375,40,0.15
207,0.4086933135986328,0.009676432609558106,4.616014047978022,2360906752.0,456.6083984375,40,0.15
208,0.40737295150756836,0.009644746780395508,4.405638321725352,1478821760.0,456.6083984375,40,0.15
209,0.4077475070953369,0.00965580940246582,4.608626557444029,3035086080.0,456.6083984375,40,0.15
210,0.4073958396911621,0.00964573621749878,4.603220154328091,1677169792.0,456.6083984375,40,0.15
211,0.40790247917175293,0.009657639265060424,4.535505599870764,3023386112.0,456.6083984375,40,0.15
212,0.4079098701477051,0.009655910730361938,4.537113812044778,1941084672.0,456.6083984375,40,0.15
213,0.40779590606689453,0.009655630588531494,4.695587025758031,1545202176.0,456.6083984375,40,0.15
214,0.40715479850769043,0.009640789031982422,4.436576572006693,1912960256.0,456.6083984375,40,0.15
215,0.4075963497161865,0.009651374816894532,4.684898726321222,1021949568.0,456.6083984375,40,0.15
216,0.4075031280517578,0.009648388624191285,4.718063656277066,2203232000.0,456.6083984375,40,0.15
217,0.40782690048217773,0.00965403914451599,4.579923997837179,1940381312.0,456.6083984375,40,0.15
218,0.40729856491088867,0.009641557931900024,4.434080406810568,1353385600.0,456.6083984375,40,0.15
219,0.40732669830322266,0.009643608331680298,4.483804496528916,2853217792.0,456.6083984375,40,0.15
220,0.4073784351348877,0.009645259380340577,4.786561706350051,3009210368.0,456.6083984375,40,0.15
221,0.4077730178833008,0.009654206037521363,4.897779564599056,1717083648.0,456.6083984375,40,0.15
222,0.40674853324890137,0.009630125761032105,4.636691007823532,1422131072.0,456.6083984375,40,0.15
223,0.4078640937805176,0.00965738296508789,4.639635046736442,1604596864.0,456.6083984375,40,0.15
224,0.40761566162109375,0.009651154279708862,4.6694842995346875,2332320256.0,456.6083984375,40,0.15
225,0.4075300693511963,0.009644389152526855,4.3636563691547545,2436300800.0,456.6083984375,40,0.15
226,0.4088740348815918,0.009681230783462525,4.75303800690797,3311495424.0,456.6083984375,40,0.15
227,0.4079701900482178,0.009658080339431763,4.961876416604444,2839428352.0,456.6083984375,40,0.15
228,0.40769171714782715,0.009650129079818725,4.811792431818069,2631718144.0,456.6083984375,40,0.15
229,0.4085366725921631,0.009672290086746216,4.592354127407502,2064776832.0,456.6083984375,40,0.15
230,0.40721583366394043,0.00964255928993225,4.797659907777231,1919674752.0,456.6083984375,40,0.15
231,0.4075620174407959,0.009649306535720825,4.553838749954319,2110881024.0,456.6083984375,40,0.15
232,0.40735459327697754,0.009643900394439697,4.39474776464919,1969262080.0,456.6083984375,40,0.15
233,0.4075047969818115,0.009649676084518433,4.526471887572755,2264320768.0,456.6083984375,40,0.15
234,0.4074583053588867,0.00964156985282898,4.528935820442477,1212243968.0,456.6083984375,40,0.15
235,0.4079551696777344,0.009656041860580444,4.639567730154446,1711476096.0,456.6083984375,40,0.15
236,0.4074854850769043,0.00964640974998474,4.629735498451112,2510072832.0,456.6083984375,40,0.15
237,0.40793704986572266,0.009658247232437134,4.738539728742075,3827491584.0,456.6083984375,40,0.15
238,0.4075770378112793,0.00964832901954651,4.500902080380075,2431741696.0,456.6083984375,40,0.15
239,0.40689873695373535,0.009631514549255371,4.9168472069740075,1898124160.0,456.6083984375,40,0.15
240,0.407487154006958,0.009646463394165038,4.669322215878787,2884252928.0,456.6083984375,40,0.15
241,0.40758204460144043,0.009648585319519043,4.391553114374786,1374792704.0,456.6083984375,40,0.15
242,0.40784358978271484,0.009653013944625855,4.555182731834164,1712586240.0,456.6083984375,40,0.15
243,0.4076955318450928,0.009651780128479004,4.773558729912462,1807065344.0,456.6083984375,40,0.15
244,0.4074985980987549,0.00964655876159668,4.76302879974024,2030541184.0,456.6083984375,40,0.15
245,0.40747570991516113,0.009646737575531006,4.5944222906201535,2117712384.0,456.6083984375,40,0.15
246,0.4078390598297119,0.009653717279434204,4.984749451674408,3115903744.0,456.6083984375,40,0.15
247,0.40772414207458496,0.009653151035308838,4.641138880369489,1622356736.0,456.6083984375,40,0.15
248,0.4076814651489258,0.009650415182113648,4.699235747925615,1460539520.0,456.6083984375,40,0.15
249,0.4086601734161377,0.009671998023986817,4.72991698075276,1305476352.0,456.6083984375,40,0.15
250,0.40758562088012695,0.009646129608154298,4.86012669609137,2730453504.0,456.6083984375,40,0.15
251,0.4172990322113037,0.009863430261611938,4.743124982213472,2349563904.0,456.6083984375,40,0.15
252,0.40810632705688477,0.00966166853904724,4.705394169325011,2597433600.0,456.6083984375,40,0.15
253,0.40769529342651367,0.009651368856430054,4.689453544526247,1912423936.0,456.6083984375,40,0.15
254,0.4078402519226074,0.009654933214187622,4.832284070542391,1309141760.0,456.6083984375,40,0.15
255,0.4077634811401367,0.009653246402740479,4.426790970089869,854175488.0,456.6083984375,40,0.15
256,0.4076213836669922,0.00964842438697815,4.510512659071037,1093198976.0,456.6083984375,40,0.15
257,0.40766167640686035,0.009650546312332153,4.542430636253027,2809191680.0,456.6083984375,40,0.15
258,0.4077262878417969,0.009654009342193603,4.786251076746198,1351394176.0,456.6083984375,40,0.15
259,0.4074862003326416,0.009647202491760255,4.948508710418484,3149171456.0,456.6083984375,40,0.15
260,0.4075942039489746,0.009651345014572144,4.532647186179647,2554312448.0,456.6083984375,40,0.15
261,0.4073023796081543,0.009643459320068359,4.697350500139818,1872921344.0,456.6083984375,40,0.15
262,0.40778493881225586,0.009652870893478393,4.654332677746857,1668780928.0,456.6083984375,40,0.15
263,0.40781331062316895,0.009652602672576904,4.473547177181243,1795840000.0,456.6083984375,40,0.15
264,0.4083588123321533,0.009666359424591065,4.897519046559387,2407540480.0,456.6083984375,40,0.15
265,0.40829014778137207,0.00966619849205017,4.587020234641219,878262656.0,456.6083984375,40,0.15
266,0.40760326385498047,0.009651976823806762,4.56659857286547,2790378240.0,456.6083984375,40,0.15
267,0.40796351432800293,0.009660279750823975,4.643720973641203,2288566016.0,456.6083984375,40,0.15
268,0.4078965187072754,0.009656685590744018,4.7493413848020065,1728637568.0,456.6083984375,40,0.15
269,0.40776729583740234,0.009656167030334473,4.496846316455101,907856128.0,456.6083984375,40,0.15
270,0.4078991413116455,0.009655308723449708,4.938982745738673,1204826240.0,456.6083984375,40,0.15
271,0.407696008682251,0.009654468297958374,4.584792413186636,2513157888.0,456.6083984375,40,0.15
272,0.40783262252807617,0.009658247232437134,4.401134328705723,1886034560.0,456.6083984375,40,0.15
273,0.40851759910583496,0.009671276807785035,4.644031184811288,3331737600.0,456.6083984375,40,0.15
274,0.4083259105682373,0.009668415784835816,4.634905926763368,3518297856.0,456.6083984375,40,0.15
275,0.40799403190612793,0.00966147780418396,4.663453893077947,1236103936.0,456.6083984375,40,0.15
276,0.4083280563354492,0.009667670726776123,4.6957310966019445,3174373120.0,456.6083984375,40,0.15
277,0.4090883731842041,0.009686815738677978,4.617918662579567,1499745152.0,456.6083984375,40,0.15
278,0.40785980224609375,0.009657710790634155,4.771620231139373,2499910400.0,456.6083984375,40,0.15
279,0.40899205207824707,0.009685444831848144,4.619359824677938,2055558272.0,456.6083984375,40,0.15
280,0.40831851959228516,0.009668761491775512,4.7767292165590955,1294299520.0,456.6083984375,40,0.15
281,0.4084179401397705,0.009670913219451904,4.309587596795882,563166592.0,456.6083984375,40,0.15
282,0.40799880027770996,0.00966135859489441,4.606073574095537,2046939136.0,456.6083984375,40,0.15
283,0.40810060501098633,0.00966207981109619,4.477563233701147,1100019712.0,456.6083984375,40,0.15
284,0.40734267234802246,0.00964565873146057,4.612768723677077,1923776256.0,456.6083984375,40,0.15
285,0.4073522090911865,0.009645116329193116,4.45148503906273,2006421504.0,456.6083984375,40,0.15
286,0.40749692916870117,0.009646034240722657,5.179668645229619,2452544256.0,456.6083984375,40,0.15
287,0.4077606201171875,0.009654802083969117,4.460141838386721,1156067456.0,456.6083984375,40,0.15
288,0.40735387802124023,0.009645569324493408,4.526925844115439,1595030784.0,456.6083984375,40,0.15
289,0.4076259136199951,0.009651112556457519,4.7571891536854,2182012160.0,456.6083984375,40,0.15
290,0.40756821632385254,0.009648960828781129,4.606487690746356,1279847680.0,456.6083984375,40,0.15
291,0.40711545944213867,0.009638512134552002,4.556990850044235,2264860928.0,456.6083984375,40,0.15
292,0.4072144031524658,0.00964263677597046,4.475549217479114,1551462912.0,456.6083984375,40,0.15
293,0.40738892555236816,0.009645378589630127,4.7431818679609,2239114752.0,456.6083984375,40,0.15
294,0.4072883129119873,0.009643477201461793,4.583794188527847,4456996864.0,456.6083984375,40,0.15
295,0.40747928619384766,0.00964699387550354,4.426312076477553,2706973696.0,456.6083984375,40,0.15
296,0.40738415718078613,0.009643375873565674,4.67747224486559,2310993920.0,456.6083984375,40,0.15
297,0.4077115058898926,0.009651279449462891,4.535623418096508,1812280832.0,456.6083984375,40,0.15
298,0.40851354598999023,0.009667229652404786,4.607884706878657,1912664704.0,456.6083984375,40,0.15
299,0.4074394702911377,0.009646636247634888,4.5851380519691,1327378304.0,456.6083984375,40,0.15
300,0.40735936164855957,0.009642386436462402,4.673778972847132,2381843712.0,456.6083984375,40,0.15
301,0.41710519790649414,0.009853297472000122,4.971060648156078,2254938112.0,456.6083984375,40,0.15
302,0.40777063369750977,0.009652853012084961,4.393589855762903,1668688640.0,456.6083984375,40,0.15
303,0.4076268672943115,0.009649699926376343,4.683363282454695,1246973184.0,456.6083984375,40,0.15
304,0.4076352119445801,0.009649282693862915,4.654020935891043,2035504512.0,456.6083984375,40,0.15
305,0.407942533493042,0.00965626835823059,4.778025789512891,2037726336.0,456.6083984375,40,0.15
306,0.4068284034729004,0.009631389379501342,4.542308036328094,2112862720.0,456.6083984375,40,0.15
307,0.40782737731933594,0.009656846523284912,4.737697574086079,3085676288.0,456.6083984375,40,0.15
308,0.4070577621459961,0.009637808799743653,4.683925776656208,2120387968.0,456.6083984375,40,0.15
309,0.4066505432128906,0.009627830982208253,4.494316864572491,2788064256.0,456.6083984375,40,0.15
310,0.4069523811340332,0.009634417295455933,4.7032581537303395,2057810048.0,456.6083984375,40,0.15
311,0.40747618675231934,0.009647345542907715,4.492766440178539,2071364224.0,456.6083984375,40,0.15
312,0.40792131423950195,0.009657168388366699,4.4753900965982,1689643904.0,456.6083984375,40,0.15
313,0.4077138900756836,0.00965297818183899,4.687910336523759,1305600768.0,456.6083984375,40,0.15
314,0.40741682052612305,0.009647685289382934,4.5044653697592185,2867435264.0,456.6083984375,40,0.15
315,0.4078536033630371,0.009655004739761353,4.542881969625794,1636766080.0,456.6083984375,40,0.15
316,0.4076106548309326,0.009649455547332764,4.463936055247869,2555082240.0,456.6083984375,40,0.15
317,0.4076967239379883,0.009652107954025269,4.779198795581176,3899871488.0,456.6083984375,40,0.15
318,0.40757203102111816,0.00964822769165039,4.5016040634578625,3533078784.0,456.6083984375,40,0.15
319,0.4074559211730957,0.009645962715148925,4.43443207071232,2364444416.0,456.6083984375,40,0.15
320,0.4069068431854248,0.009633666276931763,4.616819645299317,1237564160.0,456.6083984375,40,0.15
321,0.40696001052856445,0.009632837772369385,4.601059442393704,1996774144.0,456.6083984375,40,0.15
322,0.4080824851989746,0.009655517339706422,4.58505213355752,2525536256.0,456.6083984375,40,0.15
323,0.40751147270202637,0.00964818000793457,4.629569406646829,911280768.0,456.6083984375,40,0.15
324,0.4073913097381592,0.009645003080368041,4.581059523793313,1731874944.0,456.6083984375,40,0.15
325,0.40779733657836914,0.009652972221374512,4.749583787297283,1490525440.0,456.6083984375,40,0.15
326,0.40786004066467285,0.00965593457221985,4.306201489908938,733482880.0,456.6083984375,40,0.15
327,0.407620906829834,0.009650838375091553,4.352710907439945,2137026688.0,456.6083984375,40,0.15
328,0.40755200386047363,0.009649616479873658,4.903080867975886,2276845568.0,456.6083984375,40,0.15
329,0.40814757347106934,0.009663760662078857,4.854149513006818,2568509696.0,456.6083984375,40,0.15
330,0.40763282775878906,0.009652084112167359,4.584225186243123,2297803776.0,456.6083984375,40,0.15
331,0.4093437194824219,0.009681499004364014,4.606491500276455,1703259776.0,456.6083984375,40,0.15
332,0.40775060653686523,0.009652256965637207,4.345511471240401,3001162752.0,456.6083984375,40,0.15
333,0.40757226943969727,0.009648144245147705,4.700104718162313,2224946688.0,456.6083984375,40,0.15
334,0.407362699508667,0.009644079208374023,4.598884342523524,2168164096.0,456.6083984375,40,0.15
335,0.4083859920501709,0.009666860103607178,4.445519822376047,2007619712.0,456.6083984375,40,0.15
336,0.4084322452545166,0.00967056155204773,4.572238361680949,1338593024.0,456.6083984375,40,0.15
337,0.40735745429992676,0.009643715620040894,4.536473713243145,1977237120.0,456.6083984375,40,0.15
338,0.4079298973083496,0.009659463167190551,4.766773943831458,1953996672.0,456.6083984375,40,0.15
339,0.40733957290649414,0.00964565873146057,4.582533049916456,1701204736.0,456.6083984375,40,0.15
340,0.4071204662322998,0.00963897705078125,4.871347193953577,1699427456.0,456.6083984375,40,0.15
341,0.40741443634033203,0.009645134210586548,4.635683554319889,2520122880.0,456.6083984375,40,0.15
342,0.4080209732055664,0.009659463167190551,4.563445275950275,1184275456.0,456.6083984375,40,0.15
343,0.4071180820465088,0.00963802933692932,4.637213112033785,1354806016.0,456.6083984375,40,0.15
344,0.40753984451293945,0.00964813232421875,5.004247431535972,3583894272.0,456.6083984375,40,0.15
345,0.4069786071777344,0.009636300802230834,4.703664418799225,2266122496.0,456.6083984375,40,0.15
346,0.40784263610839844,0.009651756286621094,4.6703555424070045,813429184.0,456.6083984375,40,0.15
347,0.40784406661987305,0.009652554988861084,4.705767922882566,1279540224.0,456.6083984375,40,0.15
348,0.40752387046813965,0.0096474289894104,4.492697968568376,1431916032.0,456.6083984375,40,0.15
349,0.40741515159606934,0.009645670652389526,4.71837538682269,1231439872.0,456.6083984375,40,0.15
350,0.4073474407196045,0.00964134931564331,4.6740980819041305,1609866624.0,456.6083984375,40,0.15
351,0.4075644016265869,0.009648168087005615,4.810596736137729,2818702336.0,456.6083984375,40,0.15
352,0.40773558616638184,0.009651470184326171,4.801456135898914,1851235328.0,456.6083984375,40,0.15
353,0.40766096115112305,0.009649920463562011,4.374377543101232,2436709632.0,456.6083984375,40,0.15
354,0.4074745178222656,0.00964733362197876,4.629463849396002,1489456896.0,456.6083984375,40,0.15
355,0.4070770740509033,0.00963684320449829,5.016122684565752,3358361344.0,456.6083984375,40,0.15
356,0.4182617664337158,0.009882313013076783,4.532775357865442,2465597440.0,456.6083984375,40,0.15
357,0.4078056812286377,0.009654533863067628,4.607639733779542,2495275008.0,456.6083984375,40,0.15
358,0.4079172611236572,0.009656739234924317,4.347199139537495,1538846208.0,456.6083984375,40,0.15
359,0.407681941986084,0.009652239084243775,4.538429395241351,1936672896.0,456.6083984375,40,0.15
360,0.4084033966064453,0.009667330980300903,4.842818683235403,1777251840.0,456.6083984375,40,0.15
361,0.40839362144470215,0.00966644287109375,4.497282373645628,2231300096.0,456.6083984375,40,0.15
362,0.40778374671936035,0.00965535044670105,4.68879295273803,1270314240.0,456.6083984375,40,0.15
363,0.40749573707580566,0.009648901224136353,4.620128526503994,2174956800.0,456.6083984375,40,0.15
364,0.4078366756439209,0.009654176235198975,4.5933955415695005,1918675328.0,456.6083984375,40,0.15
365,0.40766000747680664,0.009651541709899902,4.6028285485968015,1642789760.0,456.6083984375,40,0.15
366,0.40752363204956055,0.009650260210037231,5.071867659935819,3364060928.0,456.6083984375,40,0.15
367,0.4074060916900635,0.009646362066268921,4.573513877903712,1593443456.0,456.6083984375,40,0.15
368,0.40775108337402344,0.009653788805007935,4.501684647051476,1647980544.0,456.6083984375,40,0.15
369,0.40820980072021484,0.009667104482650757,4.628456727613298,1711603328.0,456.6083984375,40,0.15
370,0.4084961414337158,0.009667450189590454,4.630536251090114,1816641536.0,456.6083984375,40,0.15
371,0.40824079513549805,0.009665369987487793,4.518921475117642,2716801536.0,456.6083984375,40,0.15
372,0.40816235542297363,0.009664028882980347,4.516820284860145,2087578240.0,456.6083984375,40,0.15
373,0.40741610527038574,0.009648311138153075,4.812134365428051,1374965760.0,456.6083984375,40,0.15
374,0.4080972671508789,0.009662199020385741,4.594829141223662,1505775872.0,456.6083984375,40,0.15
375,0.40781474113464355,0.009656298160552978,4.696254040634754,1434294016.0,456.6083984375,40,0.15
376,0.4079296588897705,0.009658348560333253,4.516976556512678,1231740544.0,456.6083984375,40,0.15
377,0.40827083587646484,0.009664136171340942,4.62438591795199,1369495552.0,456.6083984375,40,0.15
378,0.4081532955169678,0.009659087657928467,4.724015016919625,2232785920.0,456.6083984375,40,0.15
379,0.40809154510498047,0.009659439325332642,4.549829466916795,2347561728.0,456.6083984375,40,0.15
380,0.4081244468688965,0.009660834074020385,4.565422256113248,2112641152.0,456.6083984375,40,0.15
381,0.40823864936828613,0.009666091203689576,4.724938496444409,1329630976.0,456.6083984375,40,0.15
382,0.4104018211364746,0.009712010622024536,4.583774821984466,1895616768.0,456.6083984375,40,0.15
383,0.4084954261779785,0.009672325849533082,4.752759211007927,1567094656.0,456.6083984375,40,0.15
384,0.40858030319213867,0.009673255681991576,4.656212049982592,2534241280.0,456.6083984375,40,0.15
385,0.4081695079803467,0.009663802385330201,4.672611313513783,1892427008.0,456.6083984375,40,0.15
386,0.40862321853637695,0.009674519300460815,4.6751183369884135,1323555712.0,456.6083984375,40,0.15
387,0.4087533950805664,0.009677845239639282,4.809561458048633,1994239104.0,456.6083984375,40,0.15
388,0.40888309478759766,0.009680312871932984,4.542958854854052,1871036032.0,456.6083984375,40,0.15
389,0.4091944694519043,0.009687477350234985,4.684923175542144,840425920.0,456.6083984375,40,0.15
390,0.40895938873291016,0.009683144092559815,4.78189177309048,2406539520.0,456.6083984375,40,0.15
391,0.4087977409362793,0.009678459167480469,4.6437991450645635,2456148992.0,456.6083984375,40,0.15
392,0.40822887420654297,0.009664469957351684,4.740413469041321,1303167744.0,456.6083984375,40,0.15
393,0.4087865352630615,0.009676063060760498,4.628357200724672,1970039680.0,456.6083984375,40,0.15
394,0.40869736671447754,0.00966958999633789,4.419890040620556,2960020736.0,456.6083984375,40,0.15
395,0.40827226638793945,0.009667468070983887,4.507043277520259,1138565504.0,456.6083984375,40,0.15
396,0.4090449810028076,0.00967952013015747,4.5550094781734884,2283617280.0,456.6083984375,40,0.15
397,0.4086751937866211,0.009675157070159913,4.723293584659093,3792088832.0,456.6083984375,40,0.15
398,0.4081742763519287,0.00966259241104126,4.453140432422114,1381904000.0,456.6083984375,40,0.15
399,0.4084353446960449,0.009673368930816651,4.717184498161518,1536834048.0,456.6083984375,40,0.15
400,0.4086003303527832,0.009673821926116943,4.82949598259663,3989096448.0,456.6083984375,40,0.15
401,0.40862488746643066,0.00967470407485962,4.7637061012784505,1932116224.0,456.6083984375,40,0.15
402,0.40779757499694824,0.009656059741973876,4.485429471947066,1123310720.0,456.6083984375,40,0.15
403,0.40768933296203613,0.00965309739112854,4.727632425672622,1656520960.0,456.6083984375,40,0.15
404,0.4078555107116699,0.009657084941864014,4.853334347448214,2635319552.0,456.6083984375,40,0.15
405,0.4078705310821533,0.009656310081481934,4.559969271803735,1169681408.0,456.6083984375,40,0.15
406,0.41930341720581055,0.009904974699020385,4.662339838171462,1594443648.0,456.6083984375,40,0.15
407,0.40816164016723633,0.009664046764373779,4.667611329657952,1452203392.0,456.6083984375,40,0.15
408,0.4078991413116455,0.009655129909515382,4.740214826233862,1781919104.0,456.6083984375,40,0.15
409,0.40786242485046387,0.009657007455825806,4.683946591702855,1113529984.0,456.6083984375,40,0.15
410,0.4074897766113281,0.009648746252059937,4.305199935510705,2102106112.0,456.6083984375,40,0.15
411,0.4087333679199219,0.009676814079284668,4.640277770757764,1800937216.0,456.6083984375,40,0.15
412,0.4077036380767822,0.009653204679489135,4.658386099229167,1533039872.0,456.6083984375,40,0.15
413,0.40775299072265625,0.009655320644378662,4.668203726171342,3209954304.0,456.6083984375,40,0.15
414,0.4076237678527832,0.009652018547058105,4.616698012229822,3016082944.0,456.6083984375,40,0.15
415,0.4075002670288086,0.009649437665939332,4.731065757278004,1631747456.0,456.6083984375,40,0.15
416,0.40781474113464355,0.00965549349784851,4.708930830335214,1641803136.0,456.6083984375,40,0.15
417,0.40811657905578613,0.00966188907623291,4.321230490123946,1410407296.0,456.6083984375,40,0.15
418,0.40801429748535156,0.009658080339431763,4.636054379162309,2631828480.0,456.6083984375,40,0.15
419,0.4076075553894043,0.009650397300720214,4.558558425794615,1382310016.0,456.6083984375,40,0.15
420,0.4088430404663086,0.009673011302947999,4.746307066400592,2583110912.0,456.6083984375,40,0.15
421,0.40718626976013184,0.009642231464385986,4.765006702295214,1786929024.0,456.6083984375,40,0.15
422,0.40735912322998047,0.009645849466323853,4.707086642479964,1833748352.0,456.6083984375,40,0.15
423,0.40743136405944824,0.009646892547607422,4.458577361736014,1964077952.0,456.6083984375,40,0.15
424,0.4072692394256592,0.0096430242061615,4.841108289482109,2259398400.0,456.6083984375,40,0.15
425,0.40758371353149414,0.009650558233261108,4.948625560228259,3798603776.0,456.6083984375,40,0.15
426,0.40712785720825195,0.009639507532119751,4.73929149134899,2499013888.0,456.6083984375,40,0.15
427,0.4072458744049072,0.009641557931900024,4.786849976439178,2920707072.0,456.6083984375,40,0.15
428,0.40760207176208496,0.00965140461921692,4.412286170467177,1551992704.0,456.6083984375,40,0.15
429,0.4072415828704834,0.009641200304031372,4.5149031036901865,1346166784.0,456.6083984375,40,0.15
430,0.4078090190887451,0.009653937816619874,4.45665942022881,2075940224.0,456.6083984375,40,0.15
431,0.40759968757629395,0.00964820384979248,4.471615927138381,2608808448.0,456.6083984375,40,0.15
432,0.4075965881347656,0.009650480747222901,4.496598516669719,1713305088.0,456.6083984375,40,0.15
433,0.4077942371368408,0.009653997421264649,4.612713009149365,1716782464.0,456.6083984375,40,0.15
434,0.4072573184967041,0.009641730785369873,4.72715554290494,2940702208.0,456.6083984375,40,0.15
435,0.4068174362182617,0.009633064270019531,4.711586058900689,3116361472.0,456.6083984375,40,0.15
436,0.4092447757720947,0.009676295518875121,4.565895278296524,2349223168.0,456.6083984375,40,0.15
437,0.40668463706970215,0.00962679386138916,4.58327856400739,2594942720.0,456.6083984375,40,0.15
438,0.4067249298095703,0.009629327058792114,4.656893824198377,1106011520.0,456.6083984375,40,0.15
439,0.40745973587036133,0.00964539647102356,4.59130303277627,1975800960.0,456.6083984375,40,0.15
440,0.407179594039917,0.009639871120452882,4.995279366967951,2062151680.0,456.6083984375,40,0.15
441,0.4072275161743164,0.009642201662063598,4.829214109227367,2226347520.0,456.6083984375,40,0.15
442,0.4075291156768799,0.009647625684738158,4.560410232325395,2469720576.0,456.6083984375,40,0.15
443,0.40705156326293945,0.00963725447654724,4.531870645661433,3253335040.0,456.6083984375,40,0.15
444,0.40827441215515137,0.009660983085632324,4.573031321512339,2699054848.0,456.6083984375,40,0.15
445,0.4075169563293457,0.009647375345230103,4.807808916265133,1677144320.0,456.6083984375,40,0.15
446,0.40786218643188477,0.009657394886016846,4.7067236338240965,3758490368.0,456.6083984375,40,0.15
447,0.4072089195251465,0.009642809629440308,4.46720065991608,1651797760.0,456.6083984375,40,0.15
448,0.4075934886932373,0.009651005268096924,4.635052417348857,1301987456.0,456.6083984375,40,0.15
449,0.4070711135864258,0.0096388041973114,4.841836717035043,1371853696.0,456.6083984375,40,0.15
450,0.40708017349243164,0.009639203548431396,4.655951493817192,1832514176.0,456.6083984375,40,0.15
451,0.4073634147644043,0.009646350145339965,4.659214448101993,1176214016.0,456.6083984375,40,0.15
452,0.40712451934814453,0.009639078378677368,4.526329263736168,2459252224.0,456.6083984375,40,0.15
453,0.4070408344268799,0.009638381004333497,4.777830697975237,1163826432.0,456.6083984375,40,0.15
454,0.40794873237609863,0.009654051065444947,4.572358912377007,1575991168.0,456.6083984375,40,0.15
455,0.4074583053588867,0.00964667797088623,4.761795490454018,1809069056.0,456.6083984375,40,0.15
456,0.40751123428344727,0.009647256135940552,4.603505398173223,3242302464.0,456.6083984375,40,0.15
457,0.4071674346923828,0.009639424085617066,4.7515915465237395,2626923776.0,456.6083984375,40,0.15
458,0.4072256088256836,0.009637159109115601,4.510940659189977,1630795392.0,456.6083984375,40,0.15
459,0.4074230194091797,0.009646666049957276,4.80535367940608,1785736576.0,456.6083984375,40,0.15
460,0.40756916999816895,0.009649235010147094,4.514149343920086,3351962112.0,456.6083984375,40,0.15
461,0.4173727035522461,0.009854871034622192,4.75283795476085,2676191744.0,456.6083984375,40,0.15
462,0.4072110652923584,0.009641361236572266,4.76017626924138,1702558208.0,456.6083984375,40,0.15
463,0.4072413444519043,0.009643828868865967,4.682742150956597,2567863040.0,456.6083984375,40,0.15
464,0.40680432319641113,0.00963183045387268,4.535637315754024,2348358656.0,456.6083984375,40,0.15
465,0.4073636531829834,0.009645867347717284,4.732366349848735,1500148480.0,456.6083984375,40,0.15
466,0.40735816955566406,0.009643185138702392,4.732893049264996,2478275840.0,456.6083984375,40,0.15
467,0.40758776664733887,0.009650802612304688,4.601676815984614,3308490240.0,456.6083984375,40,0.15
468,0.4080073833465576,0.009657615423202514,4.5990427627020525,1650405760.0,456.6083984375,40,0.15
469,0.4077761173248291,0.00965403914451599,4.56390745192306,1790121984.0,456.6083984375,40,0.15
470,0.40741539001464844,0.00964573621749878,4.722170939287317,2590254848.0,456.6083984375,40,0.15
471,0.40717172622680664,0.009641677141189575,4.4887185032801575,835954368.0,456.6083984375,40,0.15
472,0.4078836441040039,0.009652775526046754,4.57572282957296,2385212672.0,456.6083984375,40,0.15
473,0.40775632858276367,0.00965394377708435,4.710227260744285,2355765504.0,456.6083984375,40,0.15
474,0.4076697826385498,0.009650695323944091,4.446237550173534,1972588928.0,456.6083984375,40,0.15
475,0.407085657119751,0.009640765190124512,4.215666173991402,1458187520.0,456.6083984375,40,0.15
476,0.40702104568481445,0.00963733196258545,4.594283171539748,2503245312.0,456.6083984375,40,0.15
477,0.40729522705078125,0.009645086526870728,4.640230821462398,1436632192.0,456.6083984375,40,0.15
478,0.4076199531555176,0.00965096354484558,4.476850188280327,1865865088.0,456.6083984375,40,0.15
479,0.4079105854034424,0.009654825925827027,4.522802521606073,898548352.0,456.6083984375,40,0.15
480,0.4080936908721924,0.009663766622543335,4.4338373697007185,1301004544.0,456.6083984375,40,0.15
481,0.40778517723083496,0.009652650356292725,4.497693556188843,992752512.0,456.6083984375,40,0.15
482,0.40716028213500977,0.009637165069580077,4.581055463739299,1825881728.0,456.6083984375,40,0.15
483,0.4073143005371094,0.009644794464111327,4.840312050286619,1639972224.0,456.6083984375,40,0.15
484,0.4071078300476074,0.009639430046081542,4.8867307593214075,921071680.0,456.6083984375,40,0.15
485,0.4075500965118408,0.009649986028671264,4.653313026854412,2487505664.0,456.6083984375,40,0.15
486,0.40747880935668945,0.009646809101104737,4.67601845019323,1808399616.0,456.6083984375,40,0.15
487,0.4086766242980957,0.009675323963165283,4.393461673473234,3004737024.0,456.6083984375,40,0.15
488,0.40806007385253906,0.00966033935546875,4.6939381704914656,1545591296.0,456.6083984375,40,0.15
489,0.4081540107727051,0.009663110971450806,4.617991928001022,1599698432.0,456.6083984375,40,0.15
490,0.4082295894622803,0.009664523601531982,4.634792960138001,2522801664.0,456.6083984375,40,0.15
491,0.40725231170654297,0.009642469882965087,4.86087174114471,2732735488.0,456.6083984375,40,0.15
492,0.4078826904296875,0.009656298160552978,4.745187956294657,1668230400.0,456.6083984375,40,0.15
493,0.40808629989624023,0.009660392999649048,4.808968783239455,3233107200.0,456.6083984375,40,0.15
494,0.40813684463500977,0.009663403034210205,4.660061088355454,1142773248.0,456.6083984375,40,0.15
495,0.4079704284667969,0.009660202264785766,4.85736108510862,2320977408.0,456.6083984375,40,0.15
496,0.40811705589294434,0.009662538766860962,4.487167497368484,886259136.0,456.6083984375,40,0.15
497,0.40734171867370605,0.00964338779449463,4.736636930827034,1843905536.0,456.6083984375,40,0.15
498,0.40731000900268555,0.009644228219985961,4.754930230705162,2048130304.0,456.6083984375,40,0.15
499,0.4074242115020752,0.009645289182662964,4.564698180016583,4112122624.0,456.6083984375,40,0.15
